{
  "meta": {
    "model": "GSL-SWY+ v1",
    "pilot": "Bear River",
    "outlet_gauge": "10126000",
    "generated_utc": "2026-06-19T00:35:30.897592Z",
    "gauge_years": 68,
    "note": "Snow-aware monthly water balance calibrated to the Bear River outlet gauge. Seeding effect is the paired-run difference; uncertainty is Monte Carlo over uncertain physical parameters."
  },
  "calibration": {
    "nash_sutcliffe": 0.5579222968887259,
    "percent_bias": 1.368763696130807,
    "modeled_annual_af": 1151576.9608812493,
    "observed_annual_af": 1142962.4394039216,
    "months": [
      "Jan",
      "Feb",
      "Mar",
      "Apr",
      "May",
      "Jun",
      "Jul",
      "Aug",
      "Sep",
      "Oct",
      "Nov",
      "Dec"
    ],
    "observed_monthly_cfs": [
      1617.8,
      1726.3,
      2197.3,
      2701.2,
      2666.3,
      1934.6,
      593.6,
      523.1,
      766.4,
      1170.4,
      1428.7,
      1508.5
    ],
    "modeled_monthly_cfs": [
      1273.7,
      1303.3,
      2398.0,
      3166.0,
      1819.1,
      1338.3,
      955.5,
      1140.0,
      1380.9,
      1458.4,
      1467.5,
      1391.3
    ],
    "observed_p10_cfs": [
      764.5,
      912.7,
      1115.1,
      1096.7,
      414.3,
      143.5,
      84.9,
      84.9,
      148.9,
      424.3,
      662.0,
      721.9
    ],
    "observed_p90_cfs": [
      2670.3,
      2726.6,
      3357.2,
      4317.9,
      5325.2,
      4481.7,
      1452.2,
      1241.9,
      1772.4,
      2388.0,
      2556.5,
      2423.8
    ]
  },
  "water_balance_af": {
    "precip": 11065914,
    "aet": 8771766,
    "quickflow": 71172,
    "baseflow": 1342393,
    "yield_to_outlet": 1151577,
    "peak_swe_month": "Feb"
  },
  "calibrated_params": {
    "oro_per_km": 0.152,
    "precip_scale": 1.335,
    "melt_factor_mm_per_C_day": 6.0,
    "baseflow_beta": 0.076,
    "depletion_factor": 0.746
  },
  "seeding_central": {
    "increment_pct": 6.0,
    "delta_af_at_outlet": 4675,
    "delta_af_to_lake": 1169,
    "delta_stage_inches_per_year": 0.0237
  },
  "seeding_uncertainty": {
    "n_draws": 60,
    "seeded_increment_pct": {
      "p05": 4.080892765600757,
      "p50": 5.937615959296293,
      "mean": 6.213660265806352,
      "p95": 8.770662824982288
    },
    "baseline_annual_af": {
      "p05": 756517.4433569922,
      "p50": 1174403.5966632478,
      "mean": 1177388.9275606477,
      "p95": 1638381.1630680463
    },
    "seeding_delta_af_at_outlet": {
      "p05": 2966.104762709269,
      "p50": 4561.916281822429,
      "mean": 4789.294392697773,
      "p95": 7174.420024370181
    },
    "seeding_delta_af_to_lake": {
      "p05": 741.5261906773172,
      "p50": 1140.4790704556071,
      "mean": 1197.3235981744433,
      "p95": 1793.6050060925452
    },
    "seeding_delta_stage_inches_per_year": {
      "p05": 0.01503418693252546,
      "p50": 0.023122818524051035,
      "mean": 0.024275321654163674,
      "p95": 0.03636472087395637
    }
  },
  "lake_context": {
    "south_arm_stage_ft": 4191.1,
    "healthy_stage_ft": 4198,
    "surface_acres_at_stage": 591872,
    "structural_shortfall_af": 800000,
    "seeding_to_lake_p50_af": 1140,
    "years_of_seeding_to_offset_structural_shortfall": 701,
    "honesty_note": "At the median modeled effect, a full year of cloud seeding offsets well under 1% of the lake's structural water deficit -- it would take centuries of seeding to close it. The physical seeding pathway is anchored to the operationally-validated yield envelope (a 3-10% effect in targeted storms/areas scaled by the treatable fraction of basin precip), so this is ~2-3 orders of magnitude too small to refill the lake. Defensible value is in agriculture/ski pathways, not lake replenishment."
  }
}