{
  "meta": {
    "model": "GSL-SWY+ v1",
    "pilot": "Bear River",
    "outlet_gauge": "10126000",
    "generated_utc": "2026-06-03T23:27:46.661497Z",
    "gauge_years": 68,
    "note": "Snow-aware monthly water balance calibrated to the Bear River outlet gauge. Seeding effect is the paired-run difference; uncertainty is Monte Carlo over uncertain physical parameters."
  },
  "calibration": {
    "nash_sutcliffe": 0.5579222968887259,
    "percent_bias": 1.368763696130807,
    "modeled_annual_af": 1151576.9608812493,
    "observed_annual_af": 1142962.4394039216,
    "months": [
      "Jan",
      "Feb",
      "Mar",
      "Apr",
      "May",
      "Jun",
      "Jul",
      "Aug",
      "Sep",
      "Oct",
      "Nov",
      "Dec"
    ],
    "observed_monthly_cfs": [
      1617.8,
      1726.3,
      2197.3,
      2701.2,
      2666.3,
      1934.6,
      593.6,
      523.1,
      766.4,
      1170.4,
      1428.7,
      1508.5
    ],
    "modeled_monthly_cfs": [
      1273.7,
      1303.3,
      2398.0,
      3166.0,
      1819.1,
      1338.3,
      955.5,
      1140.0,
      1380.9,
      1458.4,
      1467.5,
      1391.3
    ],
    "observed_p10_cfs": [
      764.5,
      912.7,
      1115.1,
      1096.7,
      414.3,
      143.5,
      84.9,
      84.9,
      148.9,
      424.3,
      662.0,
      721.9
    ],
    "observed_p90_cfs": [
      2670.3,
      2726.6,
      3357.2,
      4317.9,
      5325.2,
      4481.7,
      1452.2,
      1241.9,
      1772.4,
      2388.0,
      2556.5,
      2423.8
    ]
  },
  "water_balance_af": {
    "precip": 11065914,
    "aet": 8771766,
    "quickflow": 71172,
    "baseflow": 1342393,
    "yield_to_outlet": 1151577,
    "peak_swe_month": "Feb"
  },
  "calibrated_params": {
    "oro_per_km": 0.152,
    "precip_scale": 1.335,
    "melt_factor_mm_per_C_day": 6.0,
    "baseflow_beta": 0.076,
    "depletion_factor": 0.746
  },
  "seeding_central": {
    "increment_pct": 6.0,
    "delta_af_at_outlet": 4675,
    "delta_af_to_lake": 1169,
    "delta_stage_inches_per_year": 0.0237
  },
  "seeding_uncertainty": {
    "n_draws": 400,
    "seeded_increment_pct": {
      "p05": 4.090086439196644,
      "p50": 6.314847119462144,
      "mean": 6.36626607989485,
      "p95": 8.864590377838516
    },
    "baseline_annual_af": {
      "p05": 798333.9051561357,
      "p50": 1123358.563379352,
      "mean": 1163447.6077403792,
      "p95": 1667541.2509029608
    },
    "seeding_delta_af_at_outlet": {
      "p05": 3020.388408588356,
      "p50": 4817.567299231421,
      "mean": 4899.587898570953,
      "p95": 6883.0340068669275
    },
    "seeding_delta_af_to_lake": {
      "p05": 755.097102147089,
      "p50": 1204.3918248078553,
      "mean": 1224.8969746427383,
      "p95": 1720.7585017167319
    },
    "seeding_delta_stage_inches_per_year": {
      "p05": 0.015309332466757962,
      "p50": 0.02441862750340294,
      "mean": 0.024834362321097637,
      "p95": 0.03488778320413967
    }
  },
  "lake_context": {
    "south_arm_stage_ft": 4191.1,
    "healthy_stage_ft": 4198,
    "surface_acres_at_stage": 591872,
    "structural_shortfall_af": 800000,
    "seeding_to_lake_p50_af": 1204,
    "years_of_seeding_to_offset_structural_shortfall": 664,
    "honesty_note": "At the median modeled effect, a full year of cloud seeding offsets well under 1% of the lake's structural water deficit -- it would take centuries of seeding to close it. The physical seeding pathway is anchored to the operationally-validated yield envelope (a 3-10% effect in targeted storms/areas scaled by the treatable fraction of basin precip), so this is ~2-3 orders of magnitude too small to refill the lake. Defensible value is in agriculture/ski pathways, not lake replenishment."
  }
}