{
  "gross_AF": 400000.0,
  "snow_frac": 0.8,
  "gross_snow_AF": 320000.0,
  "gross_rain_AF": 79999.99999999999,
  "blended_runoff_p50": 0.353234503824695,
  "streamflow_AF_p50": 141293.801529878,
  "water_budget_p50_AF": {
    "diverted": 83269.07029736659,
    "instream": 57093.28464341292,
    "vegetation_ET": 106909.70662557232,
    "recharge": 57388.08939642114,
    "sublimation": 93357.3949400578
  },
  "value_per_inch_USD": {
    "ag": {
      "p10": 3268348.0,
      "p50": 5044541.0,
      "p90": 7271200.0
    },
    "mi": {
      "p10": 2501518.0,
      "p50": 5759523.0,
      "p90": 9915415.0
    },
    "hydro": {
      "p10": 549178.0,
      "p50": 741278.0,
      "p90": 977784.0
    },
    "forage": {
      "p10": 1510527.0,
      "p50": 2497641.0,
      "p90": 3869592.0
    },
    "recharge": {
      "p10": 3036821.0,
      "p50": 6214053.0,
      "p90": 11231340.0
    },
    "instream": {
      "p10": 4503490.0,
      "p50": 8250202.0,
      "p90": 13908643.0
    },
    "wildfire": {
      "p10": 927726.0,
      "p50": 1809225.0,
      "p90": 3111238.0
    },
    "carbon": {
      "p10": 290829.0,
      "p50": 567942.0,
      "p90": 981367.0
    }
  },
  "lens_A": {
    "p10": 7826613.0,
    "p50": 11708528.0,
    "p90": 16453141.0
  },
  "lens_B": {
    "p10": 27712904.0,
    "p50": 37103071.0,
    "p90": 48572299.0
  },
  "lens_C": {
    "p10": 52510325.0,
    "p50": 63726005.0,
    "p90": 77810405.0
  },
  "eco_core": {
    "p10": 12213037.0,
    "p50": 17733613.0,
    "p90": 24698755.0
  },
  "eco_total": {
    "p10": 14641375.0,
    "p50": 20286791.0,
    "p90": 27315618.0
  },
  "combined_A_plus_eco": {
    "p10": 23352378.0,
    "p50": 29860079.0,
    "p90": 37271271.0
  }
}