{
  "gross_precip_AF": 400000.0,
  "streamflow_AF_p50": 125233.93538936129,
  "remainder_AF_p50": 274766.0646106387,
  "value_streams_USD": {
    "forage": {
      "p10": 1589170.0,
      "p50": 2632456.0,
      "p90": 4103719.0
    },
    "recharge": {
      "p10": 3195637.0,
      "p50": 6549097.0,
      "p90": 11948353.0
    },
    "instream": {
      "p10": 3911913.0,
      "p50": 7323410.0,
      "p90": 12685297.0
    },
    "wildfire": {
      "p10": 973992.0,
      "p50": 1908524.0,
      "p90": 3300569.0
    },
    "carbon": {
      "p10": 307001.0,
      "p50": 600478.0,
      "p90": 1039696.0
    }
  },
  "eco_core_USD": {
    "p10": 11970943.0,
    "p50": 17347127.0,
    "p90": 24206062.0
  },
  "eco_total_USD": {
    "p10": 14524073.0,
    "p50": 20048244.0,
    "p90": 27007042.0
  }
}